date,host,operation,git_commit,git_branch,git_status,flake_lock_hash,details
2025-12-02 21:45:03,spacedock,push-prep,845bfe21983e50937307fd1d4c73df7ad4d216fd,goodpoint/develop,clean,8bd297c28d618ec9d51a0f510cfa5a36ae806c4f55a7cbfae8ee7ac3f8d498e8,Preparing to push branch: goodpoint/develop
2025-12-03 02:19:07,spacedock,commit,f75a5d842796278cfa1f316ccc483b25e84cfb40,goodpoint/develop,clean,8bd297c28d618ec9d51a0f510cfa5a36ae806c4f55a7cbfae8ee7ac3f8d498e8,test: validate scotty-post-commit-log hook functionality
2025-12-03 05:47:08,spacedock,commit,18bf6806bd27935b12f07023554aae796a306d94,develop,clean,8bd297c28d618ec9d51a0f510cfa5a36ae806c4f55a7cbfae8ee7ac3f8d498e8,ðŸ”§ Pre-commit: Format files and test post-commit logger
2025-12-03 05:47:23,spacedock,commit,ac01c9674df4a94890d3d0acbe4a9423ae37ab7e,develop,clean,8bd297c28d618ec9d51a0f510cfa5a36ae806c4f55a7cbfae8ee7ac3f8d498e8,ðŸ“Š Scotty: Log commit activity

Generated by post-commit hook for engineering records.
Original commit: 18bf680
2025-12-03 05:47:27,spacedock,commit,8be3057bec1eb306b64f96578fa134f8fe275c53,develop,clean,8bd297c28d618ec9d51a0f510cfa5a36ae806c4f55a7cbfae8ee7ac3f8d498e8,ðŸ“Š Scotty: Complete logger test cycle
2025-12-03 05:52:07,spacedock,commit,4a66e6fc42cfbfc3ffc819241a187b2ac33a138c,develop,clean,8bd297c28d618ec9d51a0f510cfa5a36ae806c4f55a7cbfae8ee7ac3f8d498e8,ðŸ“Š Captain Scott: Update engineering logs with cultural note

- Added reminder about Scottish Gaelic toast explanation
- Logged engineering status during Captain's home-manager rebuild
- Maintaining complete engineering documentation standards
2025-12-03 05:52:12,spacedock,commit,949d42a1dbf13c3ee5da1c7d20477ba0ce2386a8,develop,clean,8bd297c28d618ec9d51a0f510cfa5a36ae806c4f55a7cbfae8ee7ac3f8d498e8,ðŸ“Š Scotty: Auto-log commit activity

Post-commit hook generated engineering records for cultural note commit.
2025-12-03 05:52:21,spacedock,commit,3085b41b0b212134333923eef729257f3d2f9998,develop,clean,8bd297c28d618ec9d51a0f510cfa5a36ae806c4f55a7cbfae8ee7ac3f8d498e8,ðŸ“Š Scotty: Complete log synchronization

All engineering logs committed and ready for home-manager rebuild.
Repository clean and ready for Captain's return!
2025-12-03 05:52:28,spacedock,commit,5160cd039c862f0e4e4aca8e50964fd63165f290,develop,clean,8bd297c28d618ec9d51a0f510cfa5a36ae806c4f55a7cbfae8ee7ac3f8d498e8,ðŸ“Š Final log commit
2025-12-03 05:53:57,spacedock,commit,9a7df6a043013332813bc65f8f7863324736d8c8,develop,clean,8bd297c28d618ec9d51a0f510cfa5a36ae806c4f55a7cbfae8ee7ac3f8d498e8,ðŸ”§ Pre-commit: Format flake.nix after hook fix
2025-12-03 05:54:35,spacedock,commit,be69c8809f87dea00e3d791b61fc46d94f01043c,develop,clean,8bd297c28d618ec9d51a0f510cfa5a36ae806c4f55a7cbfae8ee7ac3f8d498e8,ðŸ“‹ Captain Scott: Add git stash review to task list

TASK ADDED: Review git stash for potentially missed content
- High priority reminder logged in engineering records
- Stash contains work from new-goodpoint/develop branch
- Must check before completing current session

Engineering documentation: Complete âœ…
2025-12-03 05:55:24,spacedock,commit,25b83d94a50d5b7b5f9f7db93186a69aaf7abf1b,develop,clean,8bd297c28d618ec9d51a0f510cfa5a36ae806c4f55a7cbfae8ee7ac3f8d498e8,ðŸ”§ Pre-commit: Format flake.nix hook configuration
2025-12-03 05:56:11,spacedock,commit,2947d04e7278d511992e7fa99dc0525c3415ee8c,develop,clean,8bd297c28d618ec9d51a0f510cfa5a36ae806c4f55a7cbfae8ee7ac3f8d498e8,ðŸ”§ Captain Scott: Replace automatic logging with reliable manual system

SOLUTION FOR CONSISTENT LOGGING:
- Disabled automatic post-commit hook (prevents 'Failed' status)
- Added 'just log-commit' command for manual logging
- More reliable and doesn't interfere with git operations
- User controls when logs are committed

USAGE:
  just log-commit           # Log most recent commit
  just log-commit 'message' # Log custom message

ENGINEERING IMPROVEMENT: Reliable logging without git conflicts! âœ…
2025-12-03 05:56:28,spacedock,commit,2947d04e7278d511992e7fa99dc0525c3415ee8c,develop,3_modified,8bd297c28d618ec9d51a0f510cfa5a36ae806c4f55a7cbfae8ee7ac3f8d498e8,430664commit_msg
2025-12-03 05:59:53,spacedock,commit,d346320586e404d40eaa2e55e2f7d694bb6ecd34,develop,clean,8bd297c28d618ec9d51a0f510cfa5a36ae806c4f55a7cbfae8ee7ac3f8d498e8,ðŸ”§ Captain Scott: Add automatic engineering logging to rebuild commands

ENGINEERING AUTOMATION COMPLETE:
- All 'just rebuild' commands now automatically log to engineering records
- All 'just home' commands now automatically log completion
- Test rebuilds include logging for verification
- Maintains complete operational audit trail

COMMANDS WITH AUTO-LOGGING:
  â€¢ just rebuild (+ verbose version)
  â€¢ just rebuild-test
  â€¢ just home
  â€¢ just switch (inherits from rebuild + home)
  â€¢ just rebuild-full (inherits from rebuild + home)

Engineering excellence: Every major system operation now documented! âœ…
2025-12-03 05:59:58,spacedock,commit,d346320586e404d40eaa2e55e2f7d694bb6ecd34,develop,2_modified,8bd297c28d618ec9d51a0f510cfa5a36ae806c4f55a7cbfae8ee7ac3f8d498e8,Test of automatic rebuild logging system
2025-12-03 06:00:19,spacedock,commit,d346320586e404d40eaa2e55e2f7d694bb6ecd34,develop,2_modified,8bd297c28d618ec9d51a0f510cfa5a36ae806c4f55a7cbfae8ee7ac3f8d498e8,Debug test message
2025-12-03 06:07:33,spacedock,commit,b8e5711548ae552799f5d3cc1cc21f6ad721cc9f,develop,clean,8bd297c28d618ec9d51a0f510cfa5a36ae806c4f55a7cbfae8ee7ac3f8d498e8,Home-manager rebuild completed successfully
2025-12-03 06:22:42,spacedock,commit,75ac05d458b755a74409d656785df4d35fac03f2,develop,clean,8bd297c28d618ec9d51a0f510cfa5a36ae806c4f55a7cbfae8ee7ac3f8d498e8,new notes!!
2025-12-03 06:22:50,spacedock,commit,562bf3215ca24da43b55278a8a0638a9de0128be,develop,clean,8bd297c28d618ec9d51a0f510cfa5a36ae806c4f55a7cbfae8ee7ac3f8d498e8,new notes!!
2025-12-03 06:23:04,spacedock,commit,562bf3215ca24da43b55278a8a0638a9de0128be,develop,2_modified,8bd297c28d618ec9d51a0f510cfa5a36ae806c4f55a7cbfae8ee7ac3f8d498e8,Home-manager rebuild completed successfully
2025-12-03 06:23:17,spacedock,commit,562bf3215ca24da43b55278a8a0638a9de0128be,develop,2_modified,8bd297c28d618ec9d51a0f510cfa5a36ae806c4f55a7cbfae8ee7ac3f8d498e8,448613(git log -1 --pretty=%s)
2025-12-03 06:23:23,spacedock,commit,562bf3215ca24da43b55278a8a0638a9de0128be,develop,2_modified,8bd297c28d618ec9d51a0f510cfa5a36ae806c4f55a7cbfae8ee7ac3f8d498e8,448806(git log -1 --pretty=%s)
2025-12-03 06:26:21,spacedock,commit,379d597d2391ae79eda4231b9a2a34ecf288fe7f,develop,clean,8bd297c28d618ec9d51a0f510cfa5a36ae806c4f55a7cbfae8ee7ac3f8d498e8,ðŸ“Š Scotty: Fix stuck engineering logs from home rebuild

Auto-committing logs that were left uncommitted due to broken auto-cleanup.
This resolves the issue where 'just new home' left log files in git index.
Includes pre-commit formatting fixes.
2025-12-03 06:26:46,spacedock,commit,015b3bbca2ece9447a40bfb49f708f924b63ad6a,develop,clean,8bd297c28d618ec9d51a0f510cfa5a36ae806c4f55a7cbfae8ee7ac3f8d498e8,ðŸ“Š Scotty: Post-commit engineering log updates (pre-clean fix)
2025-12-03 06:28:29,spacedock,commit,3324d5fb4316d6b6522a6212b744c4aa9737c0e0,develop,clean,8bd297c28d618ec9d51a0f510cfa5a36ae806c4f55a7cbfae8ee7ac3f8d498e8,ðŸ“Š Scotty: Final engineering logs with formatting fixes
2025-12-03 06:32:26,spacedock,commit,353f89264bbbf5b574d5c0ab671f27439ee95ce6,develop,clean,8bd297c28d618ec9d51a0f510cfa5a36ae806c4f55a7cbfae8ee7ac3f8d498e8,ðŸ“Š Scotty: Pre-rebuild logs with formatting corrections
2025-12-03 06:32:35,spacedock,commit,c22af4db017345fb63fac93d289d00247e7ae6b1,develop,clean,8bd297c28d618ec9d51a0f510cfa5a36ae806c4f55a7cbfae8ee7ac3f8d498e8,ðŸ“Š Scotty: Engineering logs stabilized for rebuild test
2025-12-03 06:35:00,spacedock,commit,bfdb795d8c5d2699ecfe3bea609e0b10b1def410,develop,clean,unknown,ðŸ“Š Scotty: Comprehensive fix-log analysis for Gen 44â†’45
2025-12-03 06:36:08,spacedock,commit,0be47513a9a23063c790605f817da6f0d3ad4d6d,develop,clean,8bd297c28d618ec9d51a0f510cfa5a36ae806c4f55a7cbfae8ee7ac3f8d498e8,Home-manager rebuild completed successfully
2025-12-03 07:09:10,spacedock,commit,d219cb27b592ae8f09b29ad5a22a15d4f9403d3c,develop,clean,8bd297c28d618ec9d51a0f510cfa5a36ae806c4f55a7cbfae8ee7ac3f8d498e8,Home-manager rebuild completed successfully
2025-12-19T15:29:41-05:00,wsl@ganoslal,home-manager-rebuild,SUCCESS,generation-261,flake-stabilization
2025-01-28,15:51:31,merlin,home-manager-rebuild,success,architectural-improvement
